Name;Long;Lat;ModuleName;ModuleType
Indoor;4.908268;52.359609;Indoor;Indoor
Timestamp;"Timezone : Europe/Amsterdam";Temperature;Humidity;CO2;Noise;Pressure
1729375437;"2024/10/20 00:03:57";20.9;64;892;36;1016
1729375739;"2024/10/20 00:08:59";20.9;64;941;36;1016
1729376041;"2024/10/20 00:14:01";20.9;64;940;36;1015.9
1729376343;"2024/10/20 00:19:03";20.8;64;923;36;1015.9
1729376646;"2024/10/20 00:24:06";20.8;64;938;36;1015.9
1729376948;"2024/10/20 00:29:08";20.8;64;933;36;1015.9
1729377250;"2024/10/20 00:34:10";20.8;64;910;36;1016
1729377552;"2024/10/20 00:39:12";20.8;64;925;36;1016
1729377854;"2024/10/20 00:44:14";20.8;64;915;37;1016
1729378157;"2024/10/20 00:49:17";20.8;64;905;36;1016.2
1729378459;"2024/10/20 00:54:19";20.8;64;947;36;1016.2
1729378761;"2024/10/20 00:59:21";20.8;64;924;36;1016.2
1729379063;"2024/10/20 01:04:23";20.8;64;929;36;1016.3
1729379365;"2024/10/20 01:09:25";20.8;64;911;36;1016.4
1729379668;"2024/10/20 01:14:28";20.8;64;916;36;1016.5
1729379970;"2024/10/20 01:19:30";20.8;64;957;36;1016.4
1729380272;"2024/10/20 01:24:32";20.8;64;927;36;1016.4
1729380574;"2024/10/20 01:29:34";20.8;64;937;36;1016.4
1729380876;"2024/10/20 01:34:36";20.8;64;904;36;1016.4
1729381481;"2024/10/20 01:44:41";20.8;64;906;36;1016.5
1729381783;"2024/10/20 01:49:43";20.8;64;890;36;1016.5
1729382085;"2024/10/20 01:54:45";20.8;64;906;36;1016.5
1729382388;"2024/10/20 01:59:48";20.8;64;904;36;1016.5
1729382690;"2024/10/20 02:04:50";20.8;64;934;36;1016.4
1729382992;"2024/10/20 02:09:52";20.8;64;929;36;1016.4
1729383295;"2024/10/20 02:14:55";20.8;64;916;36;1016.4
1729383597;"2024/10/20 02:19:57";20.8;64;947;36;1016.3
1729383899;"2024/10/20 02:24:59";20.8;64;909;36;1016.3
1729384201;"2024/10/20 02:30:01";20.8;64;924;36;1016.4
1729384503;"2024/10/20 02:35:03";20.8;64;919;36;1016.4
1729384805;"2024/10/20 02:40:05";20.8;64;957;36;1016.4
1729385108;"2024/10/20 02:45:08";20.8;64;904;36;1016.5
1729385410;"2024/10/20 02:50:10";20.8;64;916;36;1016.5
1729385713;"2024/10/20 02:55:13";20.8;64;919;36;1016.5
1729386015;"2024/10/20 03:00:15";20.8;63;927;36;1016.5
1729386317;"2024/10/20 03:05:17";20.8;63;932;36;1016.5
1729386619;"2024/10/20 03:10:19";20.8;63;919;36;1016.5
1729386922;"2024/10/20 03:15:22";20.8;63;922;36;1016.5
1729387224;"2024/10/20 03:20:24";20.8;63;929;36;1016.4
1729387527;"2024/10/20 03:25:27";20.8;63;919;36;1016.3
1729387829;"2024/10/20 03:30:29";20.8;63;916;36;1016.2
1729388131;"2024/10/20 03:35:31";20.8;63;912;36;1016.1
1729388433;"2024/10/20 03:40:33";20.8;63;934;36;1016.1
1729388736;"2024/10/20 03:45:36";20.8;63;914;36;1016.2
1729389038;"2024/10/20 03:50:38";20.8;63;910;36;1016.1
1729389340;"2024/10/20 03:55:40";20.8;63;937;36;1016
1729389643;"2024/10/20 04:00:43";20.8;63;934;36;1016
1729389945;"2024/10/20 04:05:45";20.8;63;925;36;1016
1729390247;"2024/10/20 04:10:47";20.8;63;929;36;1016.1
1729390550;"2024/10/20 04:15:50";20.8;63;922;36;1016.1
1729390852;"2024/10/20 04:20:52";20.8;63;905;36;1016
1729391154;"2024/10/20 04:25:54";20.8;63;893;36;1016
1729391456;"2024/10/20 04:30:56";20.8;63;919;36;1016.1
1729391759;"2024/10/20 04:35:59";20.8;63;917;36;1016
1729392061;"2024/10/20 04:41:01";20.8;63;893;36;1016
1729392363;"2024/10/20 04:46:03";20.8;63;905;36;1015.9
1729392665;"2024/10/20 04:51:05";20.8;63;923;36;1015.9
1729392968;"2024/10/20 04:56:08";20.8;63;917;36;1016
1729393572;"2024/10/20 05:06:12";20.8;63;922;36;1016.2
1729393874;"2024/10/20 05:11:14";20.8;63;907;36;1016.1
1729394177;"2024/10/20 05:16:17";20.8;63;905;36;1016
1729394479;"2024/10/20 05:21:19";20.8;63;925;36;1016
1729394781;"2024/10/20 05:26:21";20.8;63;917;36;1016
1729395083;"2024/10/20 05:31:23";20.8;63;912;36;1015.9
1729395386;"2024/10/20 05:36:26";20.8;63;938;36;1015.8
1729395688;"2024/10/20 05:41:28";20.8;63;935;36;1015.8
1729395990;"2024/10/20 05:46:30";20.8;63;905;36;1015.7
1729396292;"2024/10/20 05:51:32";20.8;63;893;36;1015.7
1729396595;"2024/10/20 05:56:35";20.8;63;923;36;1015.7
1729396897;"2024/10/20 06:01:37";20.8;63;917;36;1015.8
1729397199;"2024/10/20 06:06:39";20.8;63;925;36;1015.8
1729397501;"2024/10/20 06:11:41";20.8;63;920;36;1016
1729397804;"2024/10/20 06:16:44";20.8;63;917;36;1016.1
1729398106;"2024/10/20 06:21:46";20.8;63;919;36;1016.1
1729398408;"2024/10/20 06:26:48";20.8;63;930;36;1016
1729398710;"2024/10/20 06:31:50";20.8;63;920;36;1015.9
1729399012;"2024/10/20 06:36:52";20.8;63;930;36;1015.9
1729399315;"2024/10/20 06:41:55";20.8;63;945;36;1015.9
1729399617;"2024/10/20 06:46:57";20.8;63;912;36;1015.9
1729399919;"2024/10/20 06:51:59";20.8;63;905;36;1015.8
1729400222;"2024/10/20 06:57:02";20.8;63;920;36;1015.7
1729400524;"2024/10/20 07:02:04";20.8;63;893;36;1015.7
1729400826;"2024/10/20 07:07:06";20.8;63;925;36;1015.7
1729401128;"2024/10/20 07:12:08";20.8;63;902;36;1015.8
1729401430;"2024/10/20 07:17:10";20.8;63;933;36;1015.9
1729401732;"2024/10/20 07:22:12";20.8;63;912;36;1016
1729402034;"2024/10/20 07:27:14";20.8;63;881;36;1016.1
1729402336;"2024/10/20 07:32:16";20.8;63;910;36;1016.1
1729402638;"2024/10/20 07:37:18";20.8;63;893;36;1016
1729402940;"2024/10/20 07:42:20";20.8;63;925;36;1016
1729403243;"2024/10/20 07:47:23";20.8;63;934;36;1016.2
1729403545;"2024/10/20 07:52:25";20.8;63;904;36;1016.3
1729403847;"2024/10/20 07:57:27";20.8;63;911;36;1016.3
1729404149;"2024/10/20 08:02:29";20.8;63;916;36;1016.2
1729404451;"2024/10/20 08:07:31";20.7;63;916;36;1016.2
1729404754;"2024/10/20 08:12:34";20.8;63;905;36;1016.1
1729405056;"2024/10/20 08:17:36";20.8;63;922;36;1016.1
1729405358;"2024/10/20 08:22:38";20.8;63;878;36;1015.9
1729405660;"2024/10/20 08:27:40";20.8;63;896;36;1015.9
1729405962;"2024/10/20 08:32:42";20.8;63;939;36;1016
1729406265;"2024/10/20 08:37:45";20.8;63;896;36;1016.1
1729406567;"2024/10/20 08:42:47";20.8;63;910;36;1015.9
1729406869;"2024/10/20 08:47:49";20.8;63;920;36;1015.9
1729407171;"2024/10/20 08:52:51";20.8;63;910;36;1015.8
1729407474;"2024/10/20 08:57:54";20.8;63;901;36;1015.9
1729407776;"2024/10/20 09:02:56";20.8;63;904;36;1015.7
1729408078;"2024/10/20 09:07:58";20.8;63;920;36;1015.7
1729408380;"2024/10/20 09:13:00";20.8;63;938;36;1015.8
1729408682;"2024/10/20 09:18:02";20.7;63;917;36;1015.6
1729408984;"2024/10/20 09:23:04";20.7;63;878;36;1015.6
1729409287;"2024/10/20 09:28:07";20.7;63;914;36;1015.5
1729409589;"2024/10/20 09:33:09";20.7;63;881;36;1015.4
1729409891;"2024/10/20 09:38:11";20.8;63;938;36;1015.5
1729410193;"2024/10/20 09:43:13";20.7;63;920;36;1015.4
1729410496;"2024/10/20 09:48:16";20.8;63;906;36;1015.4
1729410798;"2024/10/20 09:53:18";20.8;63;896;36;1015.3
1729411100;"2024/10/20 09:58:20";20.8;63;902;36;1015.4
1729411402;"2024/10/20 10:03:22";20.8;63;917;36;1015.2
1729411704;"2024/10/20 10:08:24";20.8;63;917;36;1015.2
1729412006;"2024/10/20 10:13:26";20.8;63;940;36;1015.2
1729412309;"2024/10/20 10:18:29";20.8;63;962;36;1015.4
1729412611;"2024/10/20 10:23:31";20.8;63;893;36;1015.4
1729412913;"2024/10/20 10:28:33";20.8;63;902;36;1015.4
1729413215;"2024/10/20 10:33:35";20.8;63;917;36;1015.4
1729413517;"2024/10/20 10:38:37";20.8;63;905;36;1015.4
1729413819;"2024/10/20 10:43:39";20.8;63;925;36;1015.5
1729414122;"2024/10/20 10:48:42";20.8;63;907;36;1015.5
1729414424;"2024/10/20 10:53:44";20.8;63;902;38;1015.6
1729414726;"2024/10/20 10:58:46";20.8;63;928;36;1015.5
1729415029;"2024/10/20 11:03:49";20.8;63;912;36;1015.6
1729415331;"2024/10/20 11:08:51";20.8;63;910;36;1015.6
1729415633;"2024/10/20 11:13:53";20.8;63;940;36;1015.5
1729415936;"2024/10/20 11:18:56";20.8;63;910;36;1015.6
1729416238;"2024/10/20 11:23:58";20.8;63;910;36;1015.4
1729416540;"2024/10/20 11:29:00";20.8;63;903;36;1015.1
1729416842;"2024/10/20 11:34:02";20.8;63;905;36;1015.2
1729417144;"2024/10/20 11:39:04";20.8;63;920;36;1015.4
1729417447;"2024/10/20 11:44:07";20.8;63;881;36;1015.4
1729417749;"2024/10/20 11:49:09";20.8;63;900;36;1015.5
1729418051;"2024/10/20 11:54:11";20.8;63;915;36;1015.4
1729418354;"2024/10/20 11:59:14";20.8;63;935;36;1015.2
1729418656;"2024/10/20 12:04:16";20.9;63;912;36;1015.1
1729418958;"2024/10/20 12:09:18";20.9;63;913;36;1015
1729419260;"2024/10/20 12:14:20";20.9;63;906;36;1014.9
1729419562;"2024/10/20 12:19:22";20.9;63;929;36;1014.9
1729419865;"2024/10/20 12:24:25";20.9;63;898;36;1014.9
1729420167;"2024/10/20 12:29:27";20.9;63;918;36;1014.7
1729420469;"2024/10/20 12:34:29";20.9;63;921;36;1014.9
1729420771;"2024/10/20 12:39:31";20.9;63;916;36;1014.8
1729421073;"2024/10/20 12:44:33";20.9;63;939;36;1014.8
1729421375;"2024/10/20 12:49:35";20.9;63;921;36;1014.6
1729421678;"2024/10/20 12:54:38";20.9;63;926;36;1014.4
1729421980;"2024/10/20 12:59:40";20.9;63;879;36;1014.6
1729422282;"2024/10/20 13:04:42";20.9;63;916;36;1014.7
1729422584;"2024/10/20 13:09:44";20.9;63;931;36;1014.5
1729422886;"2024/10/20 13:14:46";20.9;63;903;36;1014.1
1729423189;"2024/10/20 13:19:49";20.9;63;924;36;1013.9
1729423491;"2024/10/20 13:24:51";20.9;63;921;37;1013.9
1729423793;"2024/10/20 13:29:53";21;63;921;36;1014
1729424095;"2024/10/20 13:34:55";21;63;903;37;1014
1729424398;"2024/10/20 13:39:58";21;63;918;37;1014
1729424700;"2024/10/20 13:45:00";21;63;904;37;1013.7
1729425002;"2024/10/20 13:50:02";21;63;912;37;1013.6
1729425304;"2024/10/20 13:55:04";21;63;933;36;1013.4
1729425607;"2024/10/20 14:00:07";21;63;884;38;1013.4
1729425909;"2024/10/20 14:05:09";21;63;951;37;1013.4
1729426211;"2024/10/20 14:10:11";21;63;896;36;1013.4
1729426513;"2024/10/20 14:15:13";21;63;896;36;1013.2
1729426816;"2024/10/20 14:20:16";21;63;881;38;1013.1
1729427118;"2024/10/20 14:25:18";21;63;941;36;1013.2
1729427420;"2024/10/20 14:30:20";21;63;912;36;1013
1729427722;"2024/10/20 14:35:22";21;63;928;36;1012.8
1729428024;"2024/10/20 14:40:24";21;63;928;36;1012.8
1729428327;"2024/10/20 14:45:27";21;63;928;39;1013
1729428629;"2024/10/20 14:50:29";21;63;918;37;1013.1
1729428931;"2024/10/20 14:55:31";21.1;63;918;36;1013
1729429233;"2024/10/20 15:00:33";21.1;63;951;36;1012.8
1729429535;"2024/10/20 15:05:35";21.1;63;900;36;1012.8
1729429838;"2024/10/20 15:10:38";21.1;63;903;36;1012.7
1729430140;"2024/10/20 15:15:40";21.1;63;914;36;1012.5
1729430442;"2024/10/20 15:20:42";21.1;63;906;36;1012.5
1729430744;"2024/10/20 15:25:44";21.1;63;924;36;1012.5
1729431046;"2024/10/20 15:30:46";21.1;63;916;36;1012.4
1729431349;"2024/10/20 15:35:49";21.1;63;885;37;1012.3
1729431651;"2024/10/20 15:40:51";21.1;63;934;37;1012.3
1729431953;"2024/10/20 15:45:53";21.1;63;934;36;1012.3
1729432255;"2024/10/20 15:50:55";21.1;63;916;36;1012.4
1729432558;"2024/10/20 15:55:58";21.1;63;924;36;1012.4
1729432860;"2024/10/20 16:01:00";21.1;63;909;36;1012.4
1729433162;"2024/10/20 16:06:02";21.1;63;895;36;1012.4
1729433465;"2024/10/20 16:11:05";21.1;63;909;36;1012.4
1729433767;"2024/10/20 16:16:07";21.1;63;932;37;1012.2
1729434069;"2024/10/20 16:21:09";21.1;63;875;37;1011.9
1729434372;"2024/10/20 16:26:12";21.1;63;921;37;1011.8
1729434674;"2024/10/20 16:31:14";21.1;63;924;37;1012
1729434976;"2024/10/20 16:36:16";21;63;909;36;1012
1729435278;"2024/10/20 16:41:18";21;63;927;36;1012
1729435581;"2024/10/20 16:46:21";21;63;895;37;1011.9
1729435883;"2024/10/20 16:51:23";21;63;918;39;1011.9
1729436185;"2024/10/20 16:56:25";21;63;905;36;1012
1729436487;"2024/10/20 17:01:27";21;63;929;36;1012.1
1729436789;"2024/10/20 17:06:29";21;63;939;37;1012.1
1729437092;"2024/10/20 17:11:32";21;63;924;40;1012.2
1729437394;"2024/10/20 17:16:34";21;62;882;39;1012
1729437697;"2024/10/20 17:21:37";21;63;880;37;1012.1
1729437999;"2024/10/20 17:26:39";21;63;913;37;1012
1729438301;"2024/10/20 17:31:41";21;62;913;37;1012.1
1729438603;"2024/10/20 17:36:43";21;63;903;36;1012
1729438906;"2024/10/20 17:41:46";21;63;897;37;1011.9
1729439208;"2024/10/20 17:46:48";21;63;908;38;1011.9
1729439510;"2024/10/20 17:51:50";21;63;924;38;1011.9
1729439812;"2024/10/20 17:56:52";21;63;915;37;1011.8
1729440115;"2024/10/20 18:01:55";21;63;905;36;1012
1729440417;"2024/10/20 18:06:57";21;63;915;37;1012.1
1729440719;"2024/10/20 18:11:59";21;63;903;36;1012.1
1729441021;"2024/10/20 18:17:01";21;63;905;37;1012
1729441324;"2024/10/20 18:22:04";21;63;903;36;1012.2
1729441626;"2024/10/20 18:27:06";21;63;862;36;1012.2
1729441928;"2024/10/20 18:32:08";21;62;929;36;1012.3
1729442231;"2024/10/20 18:37:11";21;63;924;36;1012.2
1729442533;"2024/10/20 18:42:13";21;63;915;36;1012.4
1729442835;"2024/10/20 18:47:15";21;63;910;36;1012.4
1729443137;"2024/10/20 18:52:17";21;63;924;36;1012.4
1729443440;"2024/10/20 18:57:20";21;63;905;36;1012.5
1729443742;"2024/10/20 19:02:22";21;63;934;36;1012.5
1729444044;"2024/10/20 19:07:24";21;63;882;36;1012.5
1729444347;"2024/10/20 19:12:27";21;63;877;36;1012.6
1729444649;"2024/10/20 19:17:29";21;63;913;36;1012.6
1729444951;"2024/10/20 19:22:31";21;63;897;36;1012.7
1729445254;"2024/10/20 19:27:34";21;63;915;36;1012.7
1729445556;"2024/10/20 19:32:36";21;63;913;36;1012.6
1729445858;"2024/10/20 19:37:38";21;63;900;36;1012.6
1729446160;"2024/10/20 19:42:40";21;63;913;36;1012.6
1729446462;"2024/10/20 19:47:42";21;63;903;36;1012.6
1729446765;"2024/10/20 19:52:45";21;63;924;37;1012.7
1729447067;"2024/10/20 19:57:47";21;63;932;36;1012.7
1729447369;"2024/10/20 20:02:49";21;63;885;36;1012.6
1729447672;"2024/10/20 20:07:52";21;63;910;36;1012.6
1729447974;"2024/10/20 20:12:54";21;62;895;36;1012.6
1729448276;"2024/10/20 20:17:56";21;62;903;37;1012.7
1729448578;"2024/10/20 20:22:58";21;63;905;37;1012.8
1729448881;"2024/10/20 20:28:01";21;62;894;36;1012.9
1729449183;"2024/10/20 20:33:03";21;63;904;36;1012.9
1729449485;"2024/10/20 20:38:05";21;63;949;36;1013
1729449787;"2024/10/20 20:43:07";21;62;912;36;1012.8
1729450089;"2024/10/20 20:48:09";21;62;932;36;1012.7
1729450392;"2024/10/20 20:53:12";21;63;887;36;1012.8
1729450694;"2024/10/20 20:58:14";21;62;873;36;1012.8
1729450996;"2024/10/20 21:03:16";21;63;897;36;1012.8
1729451299;"2024/10/20 21:08:19";20.9;63;915;36;1012.7
1729451601;"2024/10/20 21:13:21";20.9;62;874;36;1012.8
1729451903;"2024/10/20 21:18:23";20.9;62;937;36;1012.7
1729452205;"2024/10/20 21:23:25";20.9;62;914;36;1012.8
1729452507;"2024/10/20 21:28:27";20.9;62;894;36;1012.9
1729452810;"2024/10/20 21:33:30";20.9;62;890;37;1012.8
1729453112;"2024/10/20 21:38:32";20.9;62;927;36;1012.8
1729453414;"2024/10/20 21:43:34";20.9;63;917;36;1012.8
1729453716;"2024/10/20 21:48:36";20.9;63;914;36;1012.8
1729454019;"2024/10/20 21:53:39";20.9;62;872;36;1013
1729454321;"2024/10/20 21:58:41";20.9;63;872;36;1012.9
1729454623;"2024/10/20 22:03:43";20.9;62;922;36;1013
1729454925;"2024/10/20 22:08:45";20.9;62;890;36;1012.9
1729455227;"2024/10/20 22:13:47";20.9;62;904;37;1013
1729455530;"2024/10/20 22:18:50";20.9;62;860;36;1013
1729455832;"2024/10/20 22:23:52";20.9;62;880;36;1013.1
1729456134;"2024/10/20 22:28:54";20.9;62;889;36;1013.2
1729456436;"2024/10/20 22:33:56";20.9;62;896;36;1013.2
1729456738;"2024/10/20 22:38:58";20.9;62;925;36;1013.1
1729457040;"2024/10/20 22:44:00";20.9;62;875;36;1013.1
1729457343;"2024/10/20 22:49:03";20.9;62;878;36;1013.2
1729457645;"2024/10/20 22:54:05";20.9;62;904;36;1013.4
1729457947;"2024/10/20 22:59:07";20.9;62;904;36;1013.5
1729458249;"2024/10/20 23:04:09";20.9;62;914;36;1013.5
1729458552;"2024/10/20 23:09:12";20.9;63;914;36;1013.7
1729458854;"2024/10/20 23:14:14";20.9;62;878;36;1013.8
1729459156;"2024/10/20 23:19:16";20.9;63;895;36;1014.3
1729459458;"2024/10/20 23:24:18";20.9;63;913;36;1014.4
1729459760;"2024/10/20 23:29:20";20.9;63;939;36;1014.5
1729460062;"2024/10/20 23:34:22";20.9;63;879;36;1014.6
1729460365;"2024/10/20 23:39:25";20.9;63;916;36;1014.7
1729460667;"2024/10/20 23:44:27";20.9;63;895;36;1014.8
1729460969;"2024/10/20 23:49:29";20.9;63;906;36;1014.8
1729461271;"2024/10/20 23:54:31";20.9;63;888;36;1014.7
1729461573;"2024/10/20 23:59:33";20.9;63;908;36;1014.6
1729461875;"2024/10/21 00:04:35";20.9;63;906;36;1014.6
1729462177;"2024/10/21 00:09:37";20.9;63;901;36;1014.7
1729462480;"2024/10/21 00:14:40";20.9;63;916;36;1014.6
1729462782;"2024/10/21 00:19:42";20.9;63;936;36;1014.7
1729463084;"2024/10/21 00:24:44";20.9;63;921;36;1014.7
1729463386;"2024/10/21 00:29:46";20.9;63;949;36;1014.9
1729463688;"2024/10/21 00:34:48";20.9;63;890;36;1015
1729463991;"2024/10/21 00:39:51";20.9;63;870;36;1015.2
1729464293;"2024/10/21 00:44:53";20.9;63;923;36;1015.2
1729464595;"2024/10/21 00:49:55";20.9;63;905;36;1015.3
1729464897;"2024/10/21 00:54:57";20.9;63;905;36;1015.3
1729465200;"2024/10/21 01:00:00";20.9;63;895;36;1015.1
1729465502;"2024/10/21 01:05:02";20.9;63;888;36;1015.1
1729465805;"2024/10/21 01:10:05";20.9;63;883;36;1015
1729466107;"2024/10/21 01:15:07";20.9;63;905;36;1015.3
1729466409;"2024/10/21 01:20:09";20.9;63;910;36;1015.4
1729466711;"2024/10/21 01:25:11";20.9;63;905;36;1015.3
1729467014;"2024/10/21 01:30:14";20.9;63;905;36;1015.4
1729467316;"2024/10/21 01:35:16";20.9;63;912;36;1015.5
1729467618;"2024/10/21 01:40:18";20.9;63;907;36;1015.6
1729467920;"2024/10/21 01:45:20";20.9;63;884;36;1015.6
1729468222;"2024/10/21 01:50:22";20.9;63;912;36;1015.7
1729468525;"2024/10/21 01:55:25";20.9;63;882;36;1015.8
1729468827;"2024/10/21 02:00:27";20.9;63;923;36;1015.7
1729469129;"2024/10/21 02:05:29";20.9;63;897;36;1015.8
1729469432;"2024/10/21 02:10:32";20.9;63;884;36;1015.9
1729469734;"2024/10/21 02:15:34";20.9;63;905;36;1016.1
1729470037;"2024/10/21 02:20:37";20.9;63;925;36;1016
1729470339;"2024/10/21 02:25:39";20.9;63;907;36;1015.9
1729470641;"2024/10/21 02:30:41";20.9;63;892;36;1016
1729470943;"2024/10/21 02:35:43";20.9;63;897;36;1016
1729471246;"2024/10/21 02:40:46";20.9;63;912;36;1016
1729471548;"2024/10/21 02:45:48";20.9;63;887;36;1016.1
1729471850;"2024/10/21 02:50:50";20.9;63;892;36;1016.1
1729472152;"2024/10/21 02:55:52";20.9;63;912;36;1016.1
1729472454;"2024/10/21 03:00:54";20.9;63;919;36;1016.2
1729472756;"2024/10/21 03:05:56";20.9;63;884;36;1016.2
1729473058;"2024/10/21 03:10:58";20.9;63;869;36;1016.3
1729473360;"2024/10/21 03:16:00";20.9;63;894;36;1016.3
1729473663;"2024/10/21 03:21:03";20.9;63;904;36;1016.3
1729473965;"2024/10/21 03:26:05";20.9;63;889;36;1016.3
1729474267;"2024/10/21 03:31:07";20.9;63;911;36;1016.3
1729474570;"2024/10/21 03:36:10";20.9;63;899;36;1016.3
1729474872;"2024/10/21 03:41:12";20.9;63;886;36;1016.4
1729475174;"2024/10/21 03:46:14";20.9;63;893;36;1016.5
1729475476;"2024/10/21 03:51:16";20.9;63;880;36;1016.5
1729475779;"2024/10/21 03:56:19";20.9;63;922;36;1016.5
1729476081;"2024/10/21 04:01:21";20.9;63;880;36;1016.6
1729476383;"2024/10/21 04:06:23";20.9;63;891;36;1016.6
1729476685;"2024/10/21 04:11:25";20.9;63;893;36;1016.6
1729476987;"2024/10/21 04:16:27";20.9;63;868;36;1016.6
1729477289;"2024/10/21 04:21:29";20.8;63;880;36;1016.7
1729477591;"2024/10/21 04:26:31";20.8;63;922;36;1016.7
1729477894;"2024/10/21 04:31:34";20.8;63;890;36;1016.8
1729478196;"2024/10/21 04:36:36";20.8;63;887;36;1016.8
1729478498;"2024/10/21 04:41:38";20.8;63;904;36;1017
1729478800;"2024/10/21 04:46:40";20.8;63;909;36;1017
1729479103;"2024/10/21 04:51:43";20.8;63;898;36;1017
1729479405;"2024/10/21 04:56:45";20.8;63;890;36;1017
1729479707;"2024/10/21 05:01:47";20.8;63;895;36;1017.1
1729480010;"2024/10/21 05:06:50";20.8;63;895;36;1017.1
1729480312;"2024/10/21 05:11:52";20.8;63;865;36;1017.1
1729480614;"2024/10/21 05:16:54";20.8;63;904;36;1017.2
1729480916;"2024/10/21 05:21:56";20.8;63;923;36;1017.2
1729481219;"2024/10/21 05:26:59";20.8;63;882;36;1017.3
1729481521;"2024/10/21 05:32:01";20.8;63;892;36;1017.4
1729481823;"2024/10/21 05:37:03";20.8;63;895;36;1017.4
1729482125;"2024/10/21 05:42:05";20.8;63;921;36;1017.6
1729482427;"2024/10/21 05:47:07";20.8;63;903;36;1017.6
1729482729;"2024/10/21 05:52:09";20.8;63;868;36;1017.5
1729483031;"2024/10/21 05:57:11";20.8;63;900;36;1017.6
1729483333;"2024/10/21 06:02:13";20.8;63;886;36;1017.6
1729483636;"2024/10/21 06:07:16";20.8;63;870;36;1017.6
1729483938;"2024/10/21 06:12:18";20.8;63;900;36;1017.6
1729484240;"2024/10/21 06:17:20";20.8;63;894;36;1017.6
1729484542;"2024/10/21 06:22:22";20.8;63;894;36;1017.8
1729484844;"2024/10/21 06:27:24";20.8;63;879;36;1017.6
1729485146;"2024/10/21 06:32:26";20.8;63;900;36;1017.9
1729485448;"2024/10/21 06:37:28";20.8;63;908;36;1017.9
1729485750;"2024/10/21 06:42:30";20.8;63;910;36;1018
1729486052;"2024/10/21 06:47:32";20.8;63;876;36;1018.2
1729486355;"2024/10/21 06:52:35";20.8;63;908;36;1018.1
1729486657;"2024/10/21 06:57:37";20.8;63;903;36;1018.3
1729486959;"2024/10/21 07:02:39";20.8;63;903;36;1018.2
1729487261;"2024/10/21 07:07:41";20.8;63;884;36;1018.3
1729487563;"2024/10/21 07:12:43";20.8;62;903;37;1018.3
1729487865;"2024/10/21 07:17:45";20.7;62;907;38;1018.3
1729488168;"2024/10/21 07:22:48";20.7;62;931;38;1018.2
1729488470;"2024/10/21 07:27:50";20.6;62;911;37;1018.4
1729488772;"2024/10/21 07:32:52";20.6;62;934;37;1018.5
1729489073;"2024/10/21 07:37:53";20.6;62;913;38;1018.5
1729489375;"2024/10/21 07:42:55";20.5;62;916;38;1018.6
1729489677;"2024/10/21 07:47:57";20.5;62;924;38;1018.6
1729489980;"2024/10/21 07:53:00";20.4;62;916;39;1018.4
1729490282;"2024/10/21 07:58:02";20.4;62;916;39;1018.6
1729490584;"2024/10/21 08:03:04";20.4;62;924;38;1018.6
1729490886;"2024/10/21 08:08:06";20.4;62;919;38;1018.7
1729491188;"2024/10/21 08:13:08";20.4;62;936;38;1018.8
1729491490;"2024/10/21 08:18:10";20.3;62;900;39;1019
1729491792;"2024/10/21 08:23:12";20.3;62;930;38;1018.9
1729492095;"2024/10/21 08:28:15";20.3;62;954;39;1019.1
1729492397;"2024/10/21 08:33:17";20.3;62;944;39;1019
1729492699;"2024/10/21 08:38:19";20.3;62;915;39;1019.2
1729493002;"2024/10/21 08:43:22";20.3;62;943;39;1019.3
1729493304;"2024/10/21 08:48:24";20.3;62;918;40;1019.4
1729493606;"2024/10/21 08:53:26";20.3;62;914;39;1019.6
1729493908;"2024/10/21 08:58:28";20.3;62;948;39;1019.6
1729494210;"2024/10/21 09:03:30";20.3;62;924;40;1019.8
1729494513;"2024/10/21 09:08:33";20.3;62;899;40;1019.9
1729494815;"2024/10/21 09:13:35";20.2;62;914;39;1020
1729495117;"2024/10/21 09:18:37";20.2;62;917;39;1019.9
1729495419;"2024/10/21 09:23:39";20.2;62;924;39;1020.1
1729495721;"2024/10/21 09:28:41";20.2;62;932;39;1020
1729496024;"2024/10/21 09:33:44";20.2;62;911;41;1020.1
1729496326;"2024/10/21 09:38:46";20.2;62;956;43;1020
1729496628;"2024/10/21 09:43:48";20.3;62;935;46;1020.2
1729496930;"2024/10/21 09:48:50";20.3;62;947;43;1020.2
1729497233;"2024/10/21 09:53:53";20.3;62;952;48;1020.3
1729497535;"2024/10/21 09:58:55";20.4;62;1002;50;1020.3
1729497838;"2024/10/21 10:03:58";20.4;62;1006;53;1020.5
1729498140;"2024/10/21 10:09:00";20.4;62;999;55;1020.6
1729498442;"2024/10/21 10:14:02";20.5;62;1056;53;1020.8
1729498744;"2024/10/21 10:19:04";20.5;63;1067;52;1020.9
1729499047;"2024/10/21 10:24:07";20.5;63;1060;57;1020.8
1729499349;"2024/10/21 10:29:09";20.6;63;1074;55;1020.9
1729499651;"2024/10/21 10:34:11";20.6;63;1090;43;1021.1
1729499954;"2024/10/21 10:39:14";20.6;63;1071;41;1021.3
1729500256;"2024/10/21 10:44:16";20.7;62;1055;48;1021.4
1729500559;"2024/10/21 10:49:19";20.7;62;1057;51;1021.4
1729500861;"2024/10/21 10:54:21";20.7;63;1089;50;1021.6
1729501163;"2024/10/21 10:59:23";20.8;63;1084;55;1021.6
1729501465;"2024/10/21 11:04:25";20.8;63;1151;61;1021.5
1729501768;"2024/10/21 11:09:28";20.9;63;1121;56;1021.7
1729502070;"2024/10/21 11:14:30";20.9;63;1129;56;1021.8
1729502372;"2024/10/21 11:19:32";20.9;63;1150;54;1021.7
1729502674;"2024/10/21 11:24:34";21;63;1150;58;1021.9
1729502977;"2024/10/21 11:29:37";21;62;1121;54;1021.7
1729503279;"2024/10/21 11:34:39";21;62;1156;55;1021.7
1729503581;"2024/10/21 11:39:41";21.1;62;1118;51;1021.6
1729503884;"2024/10/21 11:44:44";21.1;62;1135;52;1021.4
1729504186;"2024/10/21 11:49:46";21.1;62;1126;51;1021.1
1729504488;"2024/10/21 11:54:48";21.1;62;1157;51;1021.4
1729504790;"2024/10/21 11:59:50";21.1;62;1141;47;1021.6
1729505093;"2024/10/21 12:04:53";21.2;62;1143;43;1021.7
1729505395;"2024/10/21 12:09:55";21.2;62;1122;43;1021.8
1729505697;"2024/10/21 12:14:57";21.2;62;1140;42;1021.8
1729505999;"2024/10/21 12:19:59";21.2;62;1114;43;1022
1729506302;"2024/10/21 12:25:02";21.2;62;1119;43;1022
1729506604;"2024/10/21 12:30:04";21.2;62;1058;42;1022.2
1729506906;"2024/10/21 12:35:06";21.2;62;1103;42;1022.4
1729507209;"2024/10/21 12:40:09";21.2;62;1129;48;1022.5
1729507511;"2024/10/21 12:45:11";21.2;62;1085;56;1022.3
1729507813;"2024/10/21 12:50:13";21.2;62;1099;58;1022.2
1729508116;"2024/10/21 12:55:16";21.2;62;1101;57;1022.2
1729508418;"2024/10/21 13:00:18";21.2;62;1153;56;1022.2
1729508720;"2024/10/21 13:05:20";21.2;62;1115;56;1022.2
1729509023;"2024/10/21 13:10:23";21.2;62;1121;54;1022.2
1729509325;"2024/10/21 13:15:25";21.2;62;1126;57;1022.3
1729509627;"2024/10/21 13:20:27";21.1;62;1091;53;1022.2
1729509930;"2024/10/21 13:25:30";21.1;62;1096;52;1022.3
1729510232;"2024/10/21 13:30:32";21.1;62;1109;52;1022.3
1729510534;"2024/10/21 13:35:34";21.1;62;1137;47;1022.1
1729510836;"2024/10/21 13:40:36";21.2;62;1128;52;1022.1
1729511138;"2024/10/21 13:45:38";21.2;62;1153;54;1022
1729511441;"2024/10/21 13:50:41";21.2;62;1137;44;1022
1729511743;"2024/10/21 13:55:43";21.2;62;1140;43;1022
1729512045;"2024/10/21 14:00:45";21.2;62;1118;42;1022.1
1729512347;"2024/10/21 14:05:47";21.2;62;1126;43;1022
1729512649;"2024/10/21 14:10:49";21.2;62;1142;44;1022
1729512951;"2024/10/21 14:15:51";21.3;62;1132;42;1022.1
1729513254;"2024/10/21 14:20:54";21.3;62;1108;44;1022.1
1729513556;"2024/10/21 14:25:56";21.2;62;1103;43;1022.3
1729513858;"2024/10/21 14:30:58";21.2;62;1080;41;1022.3
1729514160;"2024/10/21 14:36:00";21.2;61;1047;42;1022.3
1729514463;"2024/10/21 14:41:03";21.2;61;1080;41;1022.5
1729514765;"2024/10/21 14:46:05";21.2;61;1067;45;1022.4
1729515051;"2024/10/21 14:50:51";21.2;61;1061;52;1022.6
